{
    "Accuracy": {
        "K_SP": 0.5247524752475248,
        "K_WL_1": 0.976897689768977,
        "K_PM_4_8": 0.5478547854785478,
        "K_GS_4": 0.9636963696369637,
        "Joint": 0.528052805280528
    },
    "Normalized_Mutual_Info": {
        "K_SP": 0.02611154829471602,
        "K_WL_1": 0.0008134447542523814,
        "K_PM_4_8": 0.046879521164458995,
        "K_GS_4": 0.0005773760644411557,
        "Joint": 0.03537463408101834
    }
}