{
    "Accuracy": {
        "K_GS_8": 0.5957446808510638,
        "K_WL_1": 0.5531914893617021,
        "K_RW_0.1": 0.5425531914893617,
        "K_SP": 0.675531914893617,
        "K_VH": 0.6329787234042553,
        "Joint": 0.7180851063829787
    },
    "Normalized_Mutual_Info": {
        "K_GS_8": 0.01220624712783504,
        "K_WL_1": 0.12630262331970238,
        "K_RW_0.1": 0.43007561579268194,
        "K_SP": 0.21064106409291208,
        "K_VH": 0.06907375322406782,
        "Joint": 0.21497247223104368
    }
}