{
    "Accuracy": {
        "K_SP": 0.5247524752475248,
        "K_PM_4_7": 0.5511551155115512,
        "K_PM_4_8": 0.5478547854785478,
        "K_VH": 0.528052805280528,
        "Joint": 0.5511551155115512
    },
    "Normalized_Mutual_Info": {
        "K_SP": 0.02611154829471602,
        "K_PM_4_7": 0.044454108166257986,
        "K_PM_4_8": 0.046879521164458995,
        "K_VH": 0.028049644181388014,
        "Joint": 0.04942846959445474
    }
}