{
    "Accuracy": {
        "K_WL_1": 0.976897689768977,
        "K_WL_3": 0.976897689768977,
        "K_WL_5": 0.976897689768977,
        "K_SP": 0.5247524752475248,
        "Joint": 0.976897689768977
    },
    "Normalized_Mutual_Info": {
        "K_WL_1": 0.0008134447542523814,
        "K_WL_3": 0.0008134447542523814,
        "K_WL_5": 0.0008134447542523814,
        "K_SP": 0.02611154829471602,
        "Joint": 0.0008134447542523814
    }
}