{
    "Accuracy": {
        "K_GS_4": 0.7712765957446809,
        "K_WL_3": 0.5372340425531915,
        "K_RW_0.5": 0.5106382978723404,
        "K_SP": 0.675531914893617,
        "Joint": 0.8723404255319149
    },
    "Normalized_Mutual_Info": {
        "K_GS_4": 0.14275263914692107,
        "K_WL_3": 0.14117330695269498,
        "K_RW_0.5": 0.3455467666433281,
        "K_SP": 0.21064106409291208,
        "Joint": 0.20561969655089807
    }
}