{
    "Accuracy": {
        "K_GS_8": 0.5957446808510638,
        "K_GS_4": 0.7712765957446809,
        "K_WL_1": 0.5531914893617021,
        "K_WL_3": 0.5372340425531915,
        "K_WL_5": 0.5478723404255319,
        "K_RW_0.1": 0.5425531914893617,
        "K_RW_0.5": 0.5106382978723404,
        "K_SP": 0.675531914893617,
        "K_VH": 0.6329787234042553,
        "Joint": 0.6382978723404256
    },
    "Normalized_Mutual_Info": {
        "K_GS_8": 0.01220624712783504,
        "K_GS_4": 0.14275263914692107,
        "K_WL_1": 0.12630262331970238,
        "K_WL_3": 0.14117330695269498,
        "K_WL_5": 0.13613838486956323,
        "K_RW_0.1": 0.430075615792682,
        "K_RW_0.5": 0.3455467666433281,
        "K_SP": 0.21064106409291208,
        "K_VH": 0.06907375322406782,
        "Joint": 0.1703354160453363
    }
}