{
    "Accuracy": {
        "K_GS_4": 0.7712765957446809,
        "K_GS_5": 0.5851063829787234,
        "K_GS_6": 0.7553191489361702,
        "K_GS_7": 0.6170212765957447,
        "K_GS_8": 0.5957446808510638,
        "K_WL_1": 0.5531914893617021,
        "K_WL_2": 0.5585106382978723,
        "K_WL_3": 0.5372340425531915,
        "K_WL_4": 0.5478723404255319,
        "K_WL_5": 0.5478723404255319,
        "K_WL_6": 0.5531914893617021,
        "K_WL_7": 0.5531914893617021,
        "K_WL_8": 0.5531914893617021,
        "K_WL_9": 0.5531914893617021,
        "K_WL_10": 0.5531914893617021,
        "K_RW_0.1": 0.5425531914893617,
        "K_RW_0.5": 0.5106382978723404,
        "K_RW_0.8": 0.5159574468085106,
        "K_SP": 0.675531914893617,
        "K_VH": 0.6329787234042553,
        "Joint": 0.9946808510638298
    },
    "Normalized_Mutual_Info": {
        "K_GS_4": 0.14275263914692107,
        "K_GS_5": 0.05575607792923468,
        "K_GS_6": 0.08737371961034919,
        "K_GS_7": 0.014077249308283699,
        "K_GS_8": 0.01220624712783504,
        "K_WL_1": 0.12630262331970238,
        "K_WL_2": 0.13142199951088193,
        "K_WL_3": 0.14117330695269498,
        "K_WL_4": 0.13613838486956323,
        "K_WL_5": 0.13613838486956323,
        "K_WL_6": 0.1414230072157862,
        "K_WL_7": 0.1414230072157862,
        "K_WL_8": 0.1414230072157862,
        "K_WL_9": 0.1414230072157862,
        "K_WL_10": 0.1414230072157862,
        "K_RW_0.1": 0.43007561579268194,
        "K_RW_0.5": 0.3455467666433281,
        "K_RW_0.8": 0.32466786046867857,
        "K_SP": 0.21064106409291208,
        "K_VH": 0.06907375322406782,
        "Joint": 0.3996415988179446
    }
}