{
    "Accuracy": {
        "K_WL_1": 0.7601809954751131,
        "K_WL_3": 0.7601809954751131,
        "K_WL_5": 0.7647058823529411,
        "K_SP": 0.7647058823529411,
        "Joint": 0.8235294117647058
    },
    "Normalized_Mutual_Info": {
        "K_WL_1": 0.7182109142523291,
        "K_WL_3": 0.7131804133720253,
        "K_WL_5": 0.7116294273039254,
        "K_SP": 0.7327594303420896,
        "Joint": 0.7800288901529188
    }
}