{
    "Accuracy": {
        "K_GS_8": 0.5957446808510638,
        "K_WL_10": 0.5531914893617021,
        "K_RW_0.1": 0.5425531914893617,
        "Joint": 0.6808510638297872
    },
    "Normalized_Mutual_Info": {
        "K_GS_8": 0.01220624712783504,
        "K_WL_10": 0.1414230072157862,
        "K_RW_0.1": 0.43007561579268194,
        "Joint": 0.14367615161781985
    }
}