{
    "Accuracy": {
        "K_WL_1": 0.7601809954751131,
        "K_WL_3": 0.7601809954751131,
        "K_WL_5": 0.7647058823529411,
        "K_SP": 0.7647058823529411,
        "K_GS_4": 0.22624434389140272,
        "K_GS_6": 0.23076923076923078,
        "K_VH": 0.751131221719457,
        "Joint": 0.8235294117647058
    },
    "Normalized_Mutual_Info": {
        "K_WL_1": 0.7182109142523291,
        "K_WL_3": 0.7131804133720253,
        "K_WL_5": 0.7116294273039254,
        "K_SP": 0.7327594303420896,
        "K_GS_4": 0.08278225724835507,
        "K_GS_6": 0.1037318862117448,
        "K_VH": 0.7033840932638178,
        "Joint": 0.7800288901529188
    }
}