{
    "Accuracy": {
        "K_WL_1": 0.7601809954751131,
        "K_WL_3": 0.7601809954751131,
        "K_WL_5": 0.7647058823529411,
        "K_SP": 0.7647058823529411,
        "K_PM_4_6": 0.8642533936651584,
        "K_PM_5_6": 0.8642533936651584,
        "K_PM_6_6": 0.8642533936651584,
        "K_PM_4_7": 0.8642533936651584,
        "K_PM_4_8": 0.8642533936651584,
        "K_VH": 0.751131221719457,
        "Joint": 0.8597285067873304
    },
    "Normalized_Mutual_Info": {
        "K_WL_1": 0.7182109142523291,
        "K_WL_3": 0.7131804133720253,
        "K_WL_5": 0.7116294273039254,
        "K_SP": 0.7327594303420896,
        "K_PM_4_6": 0.8316649786170164,
        "K_PM_5_6": 0.8316649786170164,
        "K_PM_6_6": 0.8316649786170164,
        "K_PM_4_7": 0.8316649786170163,
        "K_PM_4_8": 0.8316649786170163,
        "K_VH": 0.7033840932638178,
        "Joint": 0.8225302522219842
    }
}